{
  "swagger" : "2.0",
  "info" : {
    "description" : "Turns Metatrader5 into REST API server",
    "version" : "1.0.0",
    "title" : "Metatrader5 REST API",
    "contact" : {
      "email" : "mikhail@dev4traders.com"
    }
  },
  "tags" : [ {
    "name" : "symbol",
    "description" : "Market symbol"
  },{
    "name" : "account",
    "description" : "MT5 account"
  }, {
    "name" : "trade",
    "description" : "Trade"
  }, {
    "name" : "position",
    "description" : "Position"
  }, {
    "name" : "deal",
    "description" : "Deal/Transaction"
  }, {
    "name" : "order",
    "description" : "Order"
  } ],
  "paths" : {
    "/info" : {
      "get" : {
        "tags" : [ "account" ],
        "security":[{"apiKey":[]}],
        "summary" : "get account info",
        "operationId" : "info",
        "description" : "Loads Account balance, broker, name, etc..\n",
        "produces" : [ "application/json" ],
        "responses" : {
          "200" : {
            "description" : "info in json",
            "schema" : {
              "$ref" : "#/definitions/AccountItem"
            }
          },
          "400" : {
            "description" : "bad input parameter"
          }
        }
      }
    },
    "/balance" : {
      "get" : {
        "tags" : [ "account" ],
        "security":[{"apiKey":[]}],
        "summary" : "get account balance",
        "operationId" : "balance",
        "description" : "Loads Account balance, margin, free margin\n",
        "produces" : [ "application/json" ],
        "responses" : {
          "200" : {
            "description" : "balance info in json",
            "schema" : {
              "$ref" : "#/definitions/BalanceItem"
            }
          },
          "400" : {
            "description" : "bad input parameter"
          }
        }
      }
    },
    "/symbols/{name}" : {
      "get" : {
        "tags" : [ "symbol" ],
        "parameters":[{"name":"name","in":"path","required":true,"type":"string"}],
        "security":[{"apiKey":[]}],
        "summary" : "get symbol info",
        "operationId" : "symbol",        
        "description" : "Loads Symbol info by name\n",
        "produces" : [ "application/json" ],
        "responses" : {
          "200" : {
            "description" : "bid/ask in json",
            "schema" : {
              "$ref" : "#/definitions/Symbol"
            }
          },
          "400" : {
            "description" : "bad input parameter"
          }
        }
      }
    },        
    "/orders" : {
      "get" : {
        "tags" : [ "order" ],
        "security":[{"apiKey":[]}],
        "summary" : "get account orders",
        "operationId" : "orders",
        "description" : "Loads Account Orders\n",
        "produces" : [ "application/json" ],
        "responses" : {
          "200" : {
            "description" : "orders array in json",
            "schema" : {
              "$ref" : "#/definitions/ArrayOfOrders"
            }
          },
          "400" : {
            "description" : "bad input parameter"
          }
        }
      }
    },
    "/orders/{id}" : {
      "get" : {
        "tags" : [ "order" ],
        "parameters":[{"name":"id","in":"path","required":true,"type":"string"}],
        "security":[{"apiKey":[]}],
        "summary" : "get account order",
        "operationId" : "order",        
        "description" : "Loads Account Order by id\n",
        "produces" : [ "application/json" ],
        "responses" : {
          "200" : {
            "description" : "order in json",
            "schema" : {
              "$ref" : "#/definitions/Order"
            }
          },
          "400" : {
            "description" : "bad input parameter"
          }
        }
      }
    },    
    "/history" : {
      "get" : {
        "tags" : [ "order" ],
        "security":[{"apiKey":[]}],
        "summary" : "get account orders history",
        "operationId" : "orders_history",
        "description" : "Loads Account Orders History\n",
        "produces" : [ "application/json" ],
        "responses" : {
          "200" : {
            "description" : "orders array in json",
            "schema" : {
              "$ref" : "#/definitions/ArrayOfOrdersHistory"
            }
          },
          "400" : {
            "description" : "bad input parameter"
          }
        }
      }
    },
    "/history/{id}" : {
      "get" : {
        "tags" : [ "order" ],
        "parameters":[{"name":"id","in":"path","required":true,"type":"string"}],
        "security":[{"apiKey":[]}],
        "summary" : "get account order from history",
        "operationId" : "order_history",        
        "description" : "Loads Account Order from History by id\n",
        "produces" : [ "application/json" ],
        "responses" : {
          "200" : {
            "description" : "order in json",
            "schema" : {
              "$ref" : "#/definitions/OrderHistory"
            }
          },
          "400" : {
            "description" : "bad input parameter"
          }
        }
      }
    },    
    "/deals?offset={offset}&limit={limit}" : {
      "get" : {
        "tags" : [ "deal" ],
        "security":[{"apiKey":[]}],
        "summary" : "get account deals",
        "operationId" : "dealrequest",
        "description" : "Loads Account Deals\n",
        "produces" : [ "application/json" ],
        "parameters" : [ 
        {
          "in" : "query",
          "name" : "offset",
          "required" : true,
          "schema" : {
            "type" : "string"
          }
        },
        {
          "in" : "query",
          "name" : "limit",
          "required" : true,
          "schema" : {
            "type" : "string"
          }
        } ],        
        "responses" : {
          "200" : {
            "description" : "deals array in json",
            "schema" : {
              "$ref" : "#/definitions/ArrayOfDeals"
            }
          },
          "400" : {
            "description" : "bad input parameter"
          }
        }
      }
    },    
    "/deals/{id}" : {
      "get" : {
        "tags" : [ "deal" ],
        "parameters":[{"name":"id","in":"path","required":true,"type":"string"}],
        "security":[{"apiKey":[]}],
        "summary" : "get account deals",
        "operationId" : "deals",        
        "description" : "Loads Account Deals by id\n",
        "produces" : [ "application/json" ],
        "responses" : {
          "200" : {
            "description" : "Deal in json",
            "schema" : {
              "$ref" : "#/definitions/Deal"
            }
          },
          "400" : {
            "description" : "bad input parameter"
          }
        }
      }
    },        
    "/positions" : {
      "get" : {
        "tags" : [ "position" ],
        "security":[{"apiKey":[]}],
        "summary" : "get account positions",
        "operationId" : "positions",
        "description" : "Loads Account Positions\n",
        "produces" : [ "application/json" ],
        "responses" : {
          "200" : {
            "description" : "positions array in json",
            "schema" : {
              "$ref" : "#/definitions/ArrayOfPositions"
            }
          },
          "400" : {
            "description" : "bad input parameter"
          }
        }
      }
    },
    "/positions/{id}" : {
      "get" : {
        "tags" : [ "position" ],
        "parameters":[{"name":"id","in":"path","required":true,"type":"string"}],
        "security":[{"apiKey":[]}],
        "summary" : "get account position",
        "operationId" : "position",        
        "description" : "Loads Account Position by id\n",
        "produces" : [ "application/json" ],
        "responses" : {
          "200" : {
            "description" : "position in json",
            "schema" : {
              "$ref" : "#/definitions/Position"
            }
          },
          "400" : {
            "description" : "bad input parameter"
          }
        }
      }
    },            
    "/trade" : {
      "post" : {
        "tags" : [ "trade" ],
        "security":[{"apiKey":[]}],
        "summary" : "Send Order",
        "produces" : [ "application/json" ],
        "consumes" : [ "application/json" ],
        "parameters" : [ {
          "in" : "body",
          "name" : "body",
          "description" : "{\"actionType\": \"ORDER_TYPE_BUY\" }",
          "required" : true,
          "schema" : {
            "$ref" : "#/definitions/TradeInput"
          }
        } ],
        "responses" : {
          "200" : {
            "description" : "successful operation",
            "schema" : {
              "$ref" : "#/definitions/TradeReturn"
            }
          },
          "400" : {
            "description" : "bad input parameter"
          }
        }
      }
    }
  },
  "securityDefinitions": {
    "apiKey": {
      "type": "apiKey",
      "in": "header",
      "name": "Authorization"
    }
  },
  "definitions" : {
    "TradeInput" : {
      "type" : "object",
      "properties" : {
        "id" : {
          "type" : "integer",
          "example" : 1
        },        
        "symbol" : {
          "type" : "string",
          "example" : "EURUSD"
        },
        "actionType" : {
          "type" : "string",
          "enum" : [ "ORDER_TYPE_SELL", "ORDER_TYPE_BUY", "ORDER_TYPE_BUY_LIMIT", "ORDER_TYPE_SELL_LIMIT", "ORDER_TYPE_BUY_STOP", "ORDER_TYPE_SELL_STOP", "POSITION_MODIFY", "POSITION_PARTIAL", "POSITION_CLOSE_ID", "POSITION_CLOSE_SYMBOL", "ORDER_MODIFY", "ORDER_CANCEL" ]
        },
        "volume" : {
          "type" : "number",
          "example" : 0.1
        },
        "price" : {
          "type" : "number",
          "example" : 1.12121
        },
        "stoploss" : {
          "type" : "number",
          "example" : 1.12121
        },
        "takeprofit" : {
          "type" : "number",
          "example" : 1.12121
        }
      }
    },
    "TradeReturn" : {
      "type" : "object",
      "properties" : {
        "error" : {
          "type" : "integer",
          "example" : 6533
        },
        "description" : {
          "type" : "string",
          "example" : "ERR_WRONG_ACTION"
        }
      }
    },
    "Symbol" : {
      "type" : "object",
      "properties" : {
        "ask" : {
          "type" : "number",
          "example" : 1.22323
        },
        "bid" : {
          "type" : "number",
          "example" : 1.34341
        }
      }
    },    
    "AccountItem" : {
      "type" : "object",
      "properties" : {
        "currency" : {
          "type" : "string",
          "example" : "USD"
        },
        "server" : {
          "type" : "string",
          "example" : "MetaQuotes-Demo"
        },
        "broker" : {
          "type" : "string",
          "example" : "MetaQuotes Software Corp."
        },
        "balance" : {
          "type" : "number",
          "example" : 1000.0
        },
        "equity" : {
          "type" : "number",
          "example" : 1000.0
        },
        "margin" : {
          "type" : "number",
          "example" : 1000.0
        },
        "margin_free" : {
          "type" : "number",
          "example" : 1000.0
        },
        "margin_level" : {
          "type" : "number",
          "example" : 1000.0
        },
        "orders_total" : {
          "type" : "integer",
          "example" : 2
        },
        "positions_total" : {
          "type" : "integer",
          "example" : 2
        }
      }
    },
    "BalanceItem" : {
      "type" : "object",
      "properties" : {
        "balance" : {
          "type" : "number",
          "example" : 1000.0
        },
        "equity" : {
          "type" : "number",
          "example" : 1000.0
        },
        "margin" : {
          "type" : "number",
          "example" : 1000.0
        },
        "margin_free" : {
          "type" : "number",
          "example" : 1000.0
        }
      }
    },
    "ArrayOfOrders" : {
      "type" : "array",
      "items" : {
        "type" : "object",
        "properties" : {
          "id" : {
            "type" : "integer",
            "example" : 1
          },
          "type" : {
            "type" : "string",
            "enum" : [ "ORDER_TYPE_SELL", "ORDER_TYPE_BUY", "ORDER_TYPE_BUY_LIMIT", "ORDER_TYPE_SELL_LIMIT", "ORDER_TYPE_BUY_STOP", "ORDER_TYPE_SELL_STOP", "POSITION_MODIFY", "POSITION_PARTIAL", "POSITION_CLOSE_ID", "POSITION_CLOSE_SYMBOL", "ORDER_MODIFY", "ORDER_CANCEL" ]
          },
          "magic" : {
            "type" : "integer",
            "example" : 0
          },
          "symbol" : {
            "type" : "string",
            "example" : "EURUSD"
          },
          "time_setup" : {
            "type" : "string",
            "example" : "2019-06-05T19:35:50.000Z"
          },
          "open" : {
            "type" : "number",
            "example" : 1.65656
          },
          "stoploss" : {
            "type" : "number",
            "example" : 1.65656
          },
          "takeprofit" : {
            "type" : "number",
            "example" : 1.65656
          },
          "volume" : {
            "type" : "number",
            "example" : 0.1
          }
        }
      }
    },
    "Order" : {
      "type" : "object",
      "properties" : {
        "id" : {
          "type" : "integer",
          "example" : 1
        },
        "type" : {
          "type" : "string",
          "enum" : [ "ORDER_TYPE_SELL", "ORDER_TYPE_BUY", "ORDER_TYPE_BUY_LIMIT", "ORDER_TYPE_SELL_LIMIT", "ORDER_TYPE_BUY_STOP", "ORDER_TYPE_SELL_STOP", "POSITION_MODIFY", "POSITION_PARTIAL", "POSITION_CLOSE_ID", "POSITION_CLOSE_SYMBOL", "ORDER_MODIFY", "ORDER_CANCEL" ]
        },
        "magic" : {
          "type" : "integer",
          "example" : 0
        },
        "symbol" : {
          "type" : "string",
          "example" : "EURUSD"
        },
        "time_setup" : {
          "type" : "string",
          "example" : "2019-06-05T19:35:50.000Z"
        },
        "open" : {
          "type" : "number",
          "example" : 1.65656
        },
        "stoploss" : {
          "type" : "number",
          "example" : 1.65656
        },
        "takeprofit" : {
          "type" : "number",
          "example" : 1.65656
        },
        "volume" : {
          "type" : "number",
          "example" : 0.1
        }
      }
    },
    "ArrayOfOrdersHistory" : {
      "type" : "array",
      "items" : {
        "type" : "object",
        "properties" : {
          "id" : {
            "type" : "integer",
            "example" : 1
          },
          "type" : {
            "type" : "string",
            "enum" : [ "ORDER_TYPE_SELL", "ORDER_TYPE_BUY", "ORDER_TYPE_BUY_LIMIT", "ORDER_TYPE_SELL_LIMIT", "ORDER_TYPE_BUY_STOP", "ORDER_TYPE_SELL_STOP", "POSITION_MODIFY", "POSITION_PARTIAL", "POSITION_CLOSE_ID", "POSITION_CLOSE_SYMBOL", "ORDER_MODIFY", "ORDER_CANCEL" ]
          },
          "state" : {
            "type" : "string",
            "enum" : [ "ORDER_STATE_STARTED", "ORDER_STATE_PLACED", "ORDER_STATE_CANCELED", "ORDER_STATE_PARTIAL", "ORDER_STATE_FILLED", "ORDER_STATE_REJECTED", "ORDER_STATE_EXPIRED", "ORDER_STATE_REQUEST_ADD", "ORDER_STATE_REQUEST_MODIFY", "ORDER_STATE_REQUEST_CANCEL" ]
          },          
          "magic" : {
            "type" : "integer",
            "example" : 0
          },
          "symbol" : {
            "type" : "string",
            "example" : "EURUSD"
          },
          "time_setup" : {
            "type" : "string",
            "example" : "2019-06-05T19:35:50.000Z"
          },
          "time_done" : {
            "type" : "string",
            "example" : "2019-06-05T19:35:50.000Z"
          },          
          "open" : {
            "type" : "number",
            "example" : 1.65656
          },
          "stoploss" : {
            "type" : "number",
            "example" : 1.65656
          },
          "takeprofit" : {
            "type" : "number",
            "example" : 1.65656
          },
          "volume" : {
            "type" : "number",
            "example" : 0.1
          }
        }
      }
    },
    "OrderHistory" : {
      "type" : "object",
      "properties" : {
        "id" : {
          "type" : "integer",
          "example" : 1
        },
        "type" : {
          "type" : "string",
          "enum" : [ "ORDER_TYPE_SELL", "ORDER_TYPE_BUY", "ORDER_TYPE_BUY_LIMIT", "ORDER_TYPE_SELL_LIMIT", "ORDER_TYPE_BUY_STOP", "ORDER_TYPE_SELL_STOP", "POSITION_MODIFY", "POSITION_PARTIAL", "POSITION_CLOSE_ID", "POSITION_CLOSE_SYMBOL", "ORDER_MODIFY", "ORDER_CANCEL" ]
        },
        "state" : {
          "type" : "string",
          "enum" : [ "ORDER_STATE_STARTED", "ORDER_STATE_PLACED", "ORDER_STATE_CANCELED", "ORDER_STATE_PARTIAL", "ORDER_STATE_FILLED", "ORDER_STATE_REJECTED", "ORDER_STATE_EXPIRED", "ORDER_STATE_REQUEST_ADD", "ORDER_STATE_REQUEST_MODIFY", "ORDER_STATE_REQUEST_CANCEL" ]
        },                  
        "magic" : {
          "type" : "integer",
          "example" : 0
        },
        "symbol" : {
          "type" : "string",
          "example" : "EURUSD"
        },
        "time_setup" : {
          "type" : "string",
          "example" : "2019-06-05T19:35:50.000Z"
        },
        "time_done" : {
          "type" : "string",
          "example" : "2019-06-05T19:35:50.000Z"
        },                  
        "open" : {
          "type" : "number",
          "example" : 1.65656
        },
        "stoploss" : {
          "type" : "number",
          "example" : 1.65656
        },
        "takeprofit" : {
          "type" : "number",
          "example" : 1.65656
        },
        "volume" : {
          "type" : "number",
          "example" : 0.1
        }
      }
    },
    "ArrayOfDeals" : {
      "type" : "array",
      "items" : {
        "type" : "object",
        "properties" : {
          "id" : {
            "type" : "integer",
            "example" : 1
          },
          "price" : {
            "type" : "number",
            "example" : 1.65656
          },          
          "commission" : {
            "type" : "number",
            "example" : 0.1
          },         
          "time" : {
            "type" : "string",
            "example" : "2019-06-05T19:35:50.000Z"
          },          
          "symbol" : {
            "type" : "string",
            "example" : "EURUSD"
          },
          "type" : {
            "type" : "string",
            "enum": [ "DEAL_TYPE_BUY", "DEAL_TYPE_SELL", "DEAL_TYPE_BALANCE", "DEAL_TYPE_CREDIT", "DEAL_TYPE_CHARGE", "DEAL_TYPE_CORRECTION", "DEAL_TYPE_BONUS", "DEAL_TYPE_COMMISSION", "DEAL_TYPE_COMMISSION_DAILY", "DEAL_TYPE_COMMISSION_MONTHLY", "DEAL_TYPE_COMMISSION_AGENT_DAILY", "DEAL_TYPE_COMMISSION_AGENT_MONTHLY", "DEAL_TYPE_INTEREST", "DEAL_TYPE_BUY_CANCELED", "DEAL_TYPE_SELL_CANCELED", "DEAL_DIVIDEND", "DEAL_DIVIDEND_FRANKED", "DEAL_TAX" ]
          },
          "profit" : {
            "type" : "number",
            "example" : 0.1
          },                   
          "volume" : {
            "type" : "number",
            "example" : 0.1
          },
          "position_id" : {
            "type" : "integer",
            "example" : 1
          },
          "order_id" : {
            "type" : "integer",
            "example" : 1
          }          
        }
      }
    },    
    "Deal" : {
      "type" : "object",
      "properties" : {
        "id" : {
            "type" : "integer",
            "example" : 1
          },
          "price" : {
            "type" : "number",
            "example" : 1.65656
          },          
          "commission" : {
            "type" : "number",
            "example" : 0.1
          },         
          "time" : {
            "type" : "string",
            "example" : "2019-06-05T19:35:50.000Z"
          },          
          "symbol" : {
            "type" : "string",
            "example" : "EURUSD"
          },
          "type" : {
            "type" : "string",
            "enum": [ "DEAL_TYPE_BUY", "DEAL_TYPE_SELL", "DEAL_TYPE_BALANCE", "DEAL_TYPE_CREDIT", "DEAL_TYPE_CHARGE", "DEAL_TYPE_CORRECTION", "DEAL_TYPE_BONUS", "DEAL_TYPE_COMMISSION", "DEAL_TYPE_COMMISSION_DAILY", "DEAL_TYPE_COMMISSION_MONTHLY", "DEAL_TYPE_COMMISSION_AGENT_DAILY", "DEAL_TYPE_COMMISSION_AGENT_MONTHLY", "DEAL_TYPE_INTEREST", "DEAL_TYPE_BUY_CANCELED", "DEAL_TYPE_SELL_CANCELED", "DEAL_DIVIDEND", "DEAL_DIVIDEND_FRANKED", "DEAL_TAX" ]
          },
          "profit" : {
            "type" : "number",
            "example" : 0.1
          },                   
          "volume" : {
            "type" : "number",
            "example" : 0.1
          },
          "position_id" : {
            "type" : "integer",
            "example" : 1
          },
          "order_id" : {
            "type" : "integer",
            "example" : 1
          }
      }
    },    
    "Position" : {
      "type" : "object",
      "properties" : {
        "id" : {
          "type" : "integer",
          "example" : 1
        },
        "type" : {
          "type" : "string",
          "enum": ["POSITION_TYPE_BUY", "POSITION_TYPE_SELL"]
        },
        "magic" : {
          "type" : "integer",
          "example" : 0
        },
        "symbol" : {
          "type" : "string",
          "example" : "EURUSD"
        },
        "time_setup" : {
          "type" : "string",
          "example" : "2019-06-05T19:35:50.000Z"
        },
        "open" : {
          "type" : "number",
          "example" : 1.65656
        },
        "price_current" : {
          "type" : "number",
          "example" : 1.65656
        },                  
        "stoploss" : {
          "type" : "number",
          "example" : 1.65656
        },
        "takeprofit" : {
          "type" : "number",
          "example" : 1.65656
        },
        "volume" : {
          "type" : "number",
          "example" : 0.1
        }
      }
    },    
    "ArrayOfPositions" : {
      "type" : "array",
      "items" : {
        "type" : "object",
        "properties" : {
          "id" : {
            "type" : "integer",
            "example" : 1
          },
          "type" : {
            "type" : "string",
            "enum": ["POSITION_TYPE_BUY", "POSITION_TYPE_SELL"]
          },
          "magic" : {
            "type" : "integer",
            "example" : 0
          },
          "symbol" : {
            "type" : "string",
            "example" : "EURUSD"
          },
          "time_setup" : {
            "type" : "string",
            "example" : "2019-06-05T19:35:50.000Z"
          },
          "open" : {
            "type" : "number",
            "example" : 1.65656
          },
         "price_current" : {
            "type" : "number",
            "example" : 1.65656
          },          
          "stoploss" : {
            "type" : "number",
            "example" : 1.65656
          },
          "takeprofit" : {
            "type" : "number",
            "example" : 1.65656
          },
          "volume" : {
            "type" : "number",
            "example" : 0.1
          }
        }
      }
    }
  },
  "host" : "localhost:6542",
  "schemes" : [ "http" ]
}